序号,单词
1,abandon
2,ability
3,able
4,abnormal
5,aboard
6,about
7,above
8,abroad
9,absence
10,absent
11,absolute
12,absolutely
13,absorb
14,abstract
15,abundant
16,abuse
17,academic
18,academy
19,accelerate
20,acceleration
21,accent
22,accept
23,acceptable
24,acceptance
25,access
26,accessory
27,accident
28,accidental
29,accommodate
30,accommodatio
31,accompany
32,accomplish
33,accord
34,accordance
35,accordingly
36,account
37,accumulate
38,accuracy
39,accurate
40,accuse
41,accustom
42,accustomed
43,ache
44,achieve
45,achievement
46,acid
47,acquaintance
48,acquire
49,acre
50,across
51,act
52,action
53,active
54,activity
55,actor
56,actress
57,actual
58,actually
59,acute
60,ad
61,adapt
62,add
63,addition
64,additional
65,address
66,adequate
67,adjective
68,adjust
69,administration
70,admire
71,admission
72,admit
73,adopt
74,adult
75,advance
76,advanced
77,advantage
78,adventure
79,adverb
80,advertisement
81,advice
82,advisable
83,advise
84,aeroplane
85,aero
86,affair
87,affect
88,affection
89,afford
90,afraid
91,Africa
92,African
93,after
94,afternoon
95,afterward
96,again
97,against
98,age
99,agency
100,agent
101,aggressive
102,ago
103,agony
104,agree
105,agreement
106,agriculture
107,ahead
108,AI
109,aid
110,aim
111,air
112,aircraft
113,airline
114,airplane
115,airport
116,alarm
117,alcohol
118,alike
119,alive
120,all
121,allow
122,alloy
 123,almost
 124,alone
 125,along
 126,aloud
 127,alphabet
 128,already
 129,also
 130,alter
 131,alternative
 132,although
 133,altitude
 134,altogether
 135,aluminium
 136,always
 137,a.m
 138,amaze
 139,ambition
 140,ambulance
 141,America
 142,American
 143,among
 144,amongst
 145,amount
 146,ampere
 147,amplify
 148,amuse
 149,analyse
 150,analysis
 151,ancestor
 152,anchor
 153,ancient
 154,and
 155,angel
 156,anger
 157,angle
 158,Angle
 159,angry
 160,animal
 161,ankle
 162,announce
 163,announcer
 164,annoy
 165,annual
 166,another
 167,answer
 168,ant
169,anticipate
170,anxiety
171,anxious
172,any
173,anybody
174,anyhow
175,anyone
176,anything
177,anyway
178,anywhere
179,apart
180,apartment
181,apologize
182,apology
183,apparatus
184,apparent
185,appeal
186,appear
187,appearance
188,appetite
189,apple
190,appliance
191,applicable
192,application
193,apply
194,appoint
195,appointment
196,appreciate
197,approach
198,appropriate
199,approval
200,approve
201,approximate
202,approximately
203,April
204,Arabian
205,arbitrary
206,architecture
207,area
208,argue
209,argument
210,arise
211,arithmetic
212,arm
213,army
214,around
215,arouse
216,arrange
217,arrangement
218,arrest
219,arrival
220,arrive
221,arrow
222,art
223,article
224,artificial
225,artist
226,artistic
227,as
228,ash
229,ashamed
230,Asia
231,Asian
232,aside
233,ask
234,asleep
235,aspect
236,assemble
237,assembly
238,assess
239,assign
240,assignment
241,assist
242,assistant
243,associate
244,association
245,assume
246,assure
247,astonish
248,astronaut
249,at
250,athlete
251,Atlantic
252,atmosphere
253,atmospheric
254,atom
255,atomic
256,attach
257,attack
258,attain
259,attempt
260,attend
261,attention
262,attentive
263,attitude
264,attract
265,attraction
266,attractive
267,attribute
268,audience
269,August
270,aunt
271,aural
272,Australia
273,Australian
274,author
275,authority
276,auto
277,automatic
278,automation
279,automobile
280,autumn
281,auxiliary
282,available
283,avenue
284,average
285,aviation
286,avoid
287,await
288,awake
289,award
290,aware
291,away
292,awful
293,awfully
294,awkward
295,ax
296,axis
297,baby
298,back
299,background
300,backward
301,bacteria
302,bad
303,badly
304,badminton
305,bag
306,baggage
307,bake
308,balance
309,ball
310,balloon
311,banana
312,band
313,bang
314,bank
315,banner
316,bar
317,barber
318,bare
319,bargain
320,bark
321,barn
322,barrel
323,barrier
324,base
325,basic
326,basically
327,basin
328,basis
329,basket
330,basketball
331,bat
332,bath
333,bathe
334,bathroom
335,battery
336,battle
337,bay
338,B.C.
339,be
340,beach
341,beam
342,bean
343,bear
344,beard
345,beast
346,beat
347,beautiful
348,beauty
349,because
350,become
351,bed
352,bee
353,beef
354,beer
355,before
356,beg
357,beggar
358,begin
359,beginner
360,beginning
361,behalf
362,behave
363,behavior
364,behind
365,being
366,belief
367,believe
368,bell
369,belong
370,beloved
371,below
372,belt
373,bench
374,bend
375,beneath
376,beneficial
377,benefit
378,berry
379,beside
380,besides
381,best
382,bet
383,betray
384,better
385,between
386,beyond
387,Bible
388,bicycle
389,big
390,bike
391,bill
392,billion
393,bind
394,biology
395,bird
396,birth
397,birthday
398,biscuit
399,bit
400,bite
401,bitter
402,bitterly
403,black
404,blackboard
405,blade
406,blame
407,blank
408,blanket
409,blast
410,blaze
411,bleed
412,blend
413,bless
414,blind
415,block
416,blood
417,bloom
418,blossom
419,blow
420,blue
421,board
422,boast
423,boat
424,body
425,boil
426,bold
427,bolt
428,bomb
429,bond
430,bone
431,book
432,boot
433,booth
434,border
435,bore
436,born
437,borrow
438,bosom
439,boss
440,both
441,bother
442,bottle
443,bottom
444,bough
445,bounce
446,bound
447,boundary
448,bow
449,bowl
450,box
451,boy
452,brain
453,brake
454,branch
455,brand
456,brandy
457,brass
458,brave
459,Brazil
460,Brazilian
461,bread
462,breadth
463,break
464,breakfast
465,breast
466,breath
467,breathe
468,breed
469,breeze
470,brick
471,bridge
472,brief
473,bright
474,brighten
475,brilliant
476,brim
477,bring
478,brisk
479,bristle
480,Britain
481,British
482,brittle
483,broad
484,broadcast
485,broken
486,bronze
487,brood
488,brook
489,broom
490,brother
491,brow
492,brown
493,bruise
494,brush
495,brute
496,bubble
497,bucket
498,buckle
499,bud
500,build
501,building
502,bulb
503,bulk
504,bull
505,bullet
506,bunch
507,bundle
508,burden
509,bureau
510,burn
511,burst
512,bury
513,bus
514,bush
515,business
516,busy
517,but
518,butcher
519,butter
520,butterfly
521,button
522,buy
523,by
524,cabbage
525,cabin
526,cabinet
527,cable
528,cafe
529,cafeteria
530,cage
531,cake
532,calculate
533,calculation
534,calculator
535,calendar
536,call
537,calm
538,camel
539,camera
540,camp
541,campaign
542,campus
543,can
544,Canada
545,Canadian
546,canal
547,cancel
548,cancer
549,candidate
550,candle
551,candy
552,cannon
553,canoe
554,canon
555,canteen
556,canvas
557,cap
558,capable
559,capacity
560,capital
561,captain
562,captive
563,capture
564,car
565,carbon
566,card
567,care
568,career
569,careful
570,careless
571,cargo
572,carpenter
573,carpet
574,carriage
575,carrier
576,carrot
577,carry
578,cart
579,carve
580,case
581,cash
582,cassette
583,cast
584,castle
585,casual
586,cat
587,catalog
588,catch
589,cathedral
590,cattle
591,cause
592,cave
593,cease
594,ceiling
595,celebrate
596,cell
597,cellar
598,cement
599,cent
600,center
601,centigrade
602,centimetre
603,central
604,centre
605,century
606,ceremony
607,certain
608,certainly
609,certainty
610,certificate
611,chain
612,chair
613,chairman
614,chalk
615,challenge
616,chamber
617,champion
618,chance
619,change
620,channel
621,chapter
622,character
623,characteristic
624,charge
625,charity
626,charming
627,chart
628,chase
629,cheap
630,cheat
631,check
632,cheek
633,cheer
634,cheerful
635,cheese
636,chemical
637,chemist
638,chemistry
639,cheque
640,cherry
641,chess
642,chest
643,chew
644,chicken
645,chief
646,child
647,childhood
648,childish
649,chill
650,chimney
651,chin
652,China
653,china
654,Chinese
655,chocolate
656,choice
657,choke
658,choose
659,chop
660,Christian
661,Christmas
662,church
663,cigarette
664,cinema
665,circle
666,circuit
667,circular
668,circulate
669,circumference
670,circumstance
671,citizen
672,city
673,civil
674,civilization
675,civilize
676,claim
677,clap
678,clarify
679,clasp
680,class
681,classical
682,classification
683,classify
684,classmate
685,classroom
686,claw
687,clay
688,clean
689,clear
690,clearly
691,clerk
692,clever
693,cliff
694,climate
695,climb
696,cloak
697,clock
698,close
699,closely
700,cloth
701,clothe
702,clothes
703,clothing
704,cloud
705,cloudy
706,club
707,clue
708,clumsy
709,coach
710,coal
711,coarse
712,coast
713,coat
714,cock
715,code
716,coffee
717,coil
718,coin
719,cold
720,collapse
721,collar
722,colleague
723,collect
724,collection
725,collective
726,college
727,collision
728,colonel
729,colony
730,color
731,column
732,comb
733,combination
734,combine
735,come
736,comfort
737,comfortable
738,command
739,commander
740,comment
741,commerce
742,commercial
743,commission
744,commit
745,committee
746,common
747,commonly
748,communicate
749,communication
750,communism
751,Communism
752,communist
753,community
754,companion
755,company
756,comparative
757,compare
758,comparison
759,compass
760,compel
761,compete
762,competent
763,competition
764,compile
765,complain
766,complaint
767,complete
768,completely
769,complex
770,complicate
771,complicated
772,component
773,compose
774,composition
775,compound
776,comprehension
777,comprehensive
778,compress
779,comprise
780,compromise
781,compute
782,computer
783,comrade
784,conceal
785,concentrate
786,concentration
787,concept
788,concern
789,concerning
790,concert
791,conclude
792,conclusion
793,concrete
794,condemn
795,condense
796,condition
797,conduct
798,conductor
799,conference
800,confess
801,confidence
802,confident
803,confine
804,confirm
805,conflict
806,confuse
807,confusion
808,congratulate
809,congratulation
810,congress
811,conjunction
812,connect
813,connection
814,conquer
815,conquest
816,conscience
817,conscious
818,consciousness
819,consent
820,consequence
821,consequently
822,conservation
823,conservative
824,consider
825,considerable
826,considerate
827,consideration
828,consist
829,consistent
830,constant
831,constitution
832,construct
833,construction
834,consult
835,consume
836,consumption
837,contact
838,contain
839,container
840,contemporary
841,contempt
842,content
843,contest
844,continent
845,continual
846,continue
847,continuous
848,contract
849,contradiction
850,contrary
851,contrast
852,contribute
853,control
854,convenience
855,convenient
856,convention
857,conventional
858,conversation
859,conversely
860,conversion
861,convert
862,convey
863,convince
864,cook
865,cool
866,cooperate
867,coordinate
868,cope
869,copper
870,copy
871,cord
872,cordial
873,core
874,corn
875,corner
876,corporation
877,correct
878,correction
879,correspond
880,correspondent
881,corresponding
882,corridor
883,cost
884,costly
885,cottage
886,cotton
887,cough
888,could
889,council
890,count
891,counter
892,country
893,countryside
894,county
895,couple
896,courage
897,course
898,court
899,cousin
900,cover
901,cow
902,coward
903,crack
904,craft
905,crane
906,crash
907,crawl
908,crazy
909,cream
910,create
911,creative
912,creature
913,credit
914,creep
915,crew
916,cricket
917,crime
918,criminal
919,cripple
920,crisis
921,critic
922,critical
923,criticism
924,criticize
925,crop
926,cross
927,crow
928,crowd
929,crown
930,crude
931,cruel
932,crush
933,crust
934,cry
935,crystal
936,cube
937,cubic
938,cucumber
939,cultivate
940,culture
941,cunning
942,cup
943,cupboard
944,cure
945,curiosity
946,curious
947,curl
948,current
949,curse
950,curtain
951,curve
952,cushion
953,custom
954,customer
955,cut
956,cycle
957,daily
958,dairy
959,dam
960,damage
961,damp
962,dance
963,danger
964,dangerous
965,dare
966,daring
967,dark
968,darling
969,dash
970,data
971,date
972,daughter
973,dawn
974,day
975,daylight
976,dead
977,deadly
978,deaf
979,deal
980,dear
981,death
982,debate
983,debt
984,decade
985,decay
986,deceit
987,deceive
988,December
989,decent
990,decide
991,decision
992,deck
993,declare
994,decorate
995,decrease
996,deduce
997,deed
998,deep
999,deepen
1000,deer
1001,defeat
1002,defect
1003,defence
1004,defend
1005,define
1006,definite
1007,definitely
1008,definition
1009,degree
1010,delay
1011,delete
1012,delegation
1013,delicate
1014,delicious
1015,delight
1016,deliver
1017,delivery
1018,demand
1019,democracy
1020,democratic
1021,demonstrate
1022,dense
1023,density
1024,deny
1025,depart
1026,department
1027,departure
1028,depend
1029,dependent
1030,deposit
1031,depress
1032,depth
1033,derive
1034,descend
 1035,describe
 1036,description
 1037,desert
 1038,deserve
 1039,design
 1040,desirable
 1041,desire
 1042,desk
 1043,despair
 1044,desperate
 1045,despise
 1046,despite
 1047,destination
 1048,destroy
 1049,destruction
 1050,detail
 1051,detect
 1052,detection
 1053,determination
 1054,determine
 1055,develop
 1056,development
 1057,device
 1058,devil
 1059,devise
 1060,devote
 1061,dew
 1062,diagram
 1063,dial
 1064,dialect
 1065,dialog
 1066,diameter
 1067,diamond
 1068,diary
 1069,dictate
 1070,dictation
 1071,dictionary
 1072,die
 1073,differ
 1074,difference
 1075,different
 1076,difficult
1077,difficulty
1078,dig
1079,digest
1080,digital
1081,diligent
1082,dim
1083,dimension
1084,dinner
1085,dip
1086,direct
1087,direction
1088,directly
1089,director
1090,dirt
1091,dirty
1092,disable
1093,disadvantage
1094,disagree
1095,disappear
1096,disappoint
1097,disaster
1098,disk
1099,discard
1100,discharge
1101,discipline
1102,disclose
1103,discourage
1104,discover
1105,discovery
1106,discuss
1107,discussion
1108,disease
1109,disguise
1110,disgust
1111,dish
1112,dishonour
1113,dislike
1114,dismiss
1115,disorder
1116,display
1117,disposal
1118,dispose
1119,displease
1120,dispute
1121,dissatisfy
1122,dissolve
1123,distance
1124,distant
1125,distinct
1126,distinction
1127,distinguish
1128,distress
1129,distribute
1130,distribution
1131,district
1132,disturb
1133,ditch
1134,dive
1135,diverse
1136,divide
1137,division
1138,divorce
1139,do
1140,dock
1141,doctor
1142,document
1143,dog
1144,dollar
1145,domestic
1146,donkey
1147,door
1148,dorm
1149,dormitory
1150,dose
1151,dot
1152,double
1153,doubt
1154,doubtful
1155,doubtless
1156,down
1157,downstairs
1158,downward
1159,dozen
1160,draft
1161,drag
1162,dragon
1163,drain
1164,drama
1165,dramatic
1166,dramatization
1167,draw
1168,drawer
1169,drawing
1170,dread
1171,dream
1172,dress
1173,drift
1174,drill
1175,drink
1176,drip
1177,drive
1178,driver
1179,drop
1180,drought
1181,drown
1182,drug
1183,drum
1184,drunk
1185,dry
1186,duck
1187,due
1188,dull
1189,dumb
1190,dump
1191,durable
1192,duration
1193,during
1194,dusk
1195,dust
1196,duty
1197,dwelling
1198,dye
1199,dying
1200,dynamic
1201,each
1202,eager
1203,eagle
1204,ear
1205,early
1206,earn
1207,earnest
1208,earth
1209,earthquake
1210,ease
1211,easily
1212,east
1213,eastern
1214,easy
1215,eat
1216,echo
1217,economic
1218,economical
1219,economy
1220,edge
1221,edition
1222,editor
1223,educate
1224,education
1225,effect
1226,effective
1227,efficiency
1228,efficient
1229,effort
1230,egg
1231,eight
1232,eighteen
1233,eighth
1234,eighty
1235,either
1236,elaborate
1237,elastic
1238,elbow
1239,elder
1240,elect
1241,election
1242,electric
1243,electrical
1244,electricity
1245,electron
1246,electronic
1247,electronics
1248,element
1249,elementary
1250,elephant
1251,elevator
1252,eleven
1253,eleventh
1254,eliminate
1255,elimination
1256,else
1257,elsewhere
1258,embarrass
1259,embrace
1260,emerge
1261,emergency
1262,emit
1263,emotion
1264,emotional
1265,emperor
1266,emphasis
1267,emphasize
1268,empire
1269,employ
1270,employee
1271,employer
1272,employment
1273,empty
1274,enable
1275,enclose
1276,encounter
1277,encourage
1278,end
1279,ending
1280,endless
1281,endure
1282,enemy
1283,energy
1284,enforce
1285,engage
1286,engine
1287,engineer
1288,engineering
1289,England
1290,English
1291,enjoy
1292,enlarge
1293,enormous
1294,enough
1295,ensure
1296,enter
1297,entertain
1298,enthusiasm
1299,enthusiastic
1300,entire
1301,entitle
1302,entrance
1303,entry
1304,envelope
1305,environment
1306,envy
1307,equal
1308,equality
1309,equation
1310,equip
1311,equipment
1312,equivalent
1313,era
1314,erect
1315,error
1316,esp.
1317,escape
1318,especially
1319,essay
1320,essential
1321,establish
1322,establishment
1323,estimate
1324,etc.
1325,Europe
1326,European
1327,evaluate
1328,evaporate
1329,eve
1330,even
1331,evening
1332,event
1333,eventually
1334,ever
1335,every
1336,everybody
1337,everyday
1338,everyone
1339,everything
1340,everywhere
1341,evidence
1342,evident
1343,evil
1344,evolution
1345,evolve
1346,exact
1347,exactly
1348,exaggerate
1349,exam
1350,examination
1351,examine
1352,example
1353,exceed
1354,exceedingly
1355,excellent
1356,except
1357,exception
1358,excess
1359,excessive
1360,exchange
1361,excite
1362,exciting
1363,exclaim
1364,exclude
1365,exclusively
1366,excursion
1367,excuse
1368,execute
1369,executive
1370,exercise
1371,exert
1372,exhaust
1373,exhibit
1374,exhibition
1375,exist
1376,existence
1377,exit
1378,expand
1379,expansion
1380,expect
1381,expectation
1382,expense
1383,expensive
1384,experience
1385,experiment
1386,experimental
1387,expert
1388,explain
1389,explanation
1390,explode
1391,exploit
1392,explore
1393,explosion
1394,explosive
1395,export
1396,expose
1397,exposure
1398,express
1399,expression
1400,extend
1401,extension
1402,extensive
1403,extent
1404,exterior
1405,external
1406,extra
1407,extraordinary
1408,extreme
1409,extremely
1410,eye
1411,eyesight
1412,facility
1413,fact
1414,factor
1415,factory
1416,faculty
1417,fade
1418,Fahrenheit
1419,fail
1420,failure
1421,faint
1422,fair
1423,fairly
1424,faith
1425,faithful
1426,fall
1427,false
1428,fame
1429,familiar
1430,family
1431,famine
1432,famous
1433,fan
1434,fancy
1435,far
1436,fare
1437,farewell
1438,farm
1439,farmer
1440,farther
1441,fashion
1442,fashionable
1443,fast
1444,fasten
1445,fatal
1446,fate
1447,father
1448,father-in-law
1449,fatigue
1450,fault
1451,faulty
1452,favour
1453,favourable
1454,favourite
1455,fear
1456,fearful
1457,feasible
1458,feast
1459,feather
1460,feature
1461,February
1462,federal
1463,fee
1464,feeble
1465,feed
1466,feedback
1467,feel
1468,feeling
1469,fellow
1470,female
1471,fence
1472,fertile
1473,fertilize
1474,fertilizer
1475,festival
1476,fetch
1477,fever
1478,few
1479,fibre
1480,fiction
1481,field
1482,fierce
1483,fifteen
1484,fifth
1485,fifty
1486,fight
1487,figure
1488,file
1489,fill
1490,film
1491,filter
1492,final
1493,finally
1494,finance
1495,financial
1496,find
1497,finding
1498,fine
1499,finger
1500,finish
1501,fire
1502,fireman
1503,firm
1504,first
1505,fish
1506,fisherman
1507,fist
1508,fit
1509,five
1510,fix
1511,flag
1512,flame
1513,flare
1514,flash
1515,flat
1516,flavour
1517,fleet
1518,flesh
1519,flexible
1520,flight
1521,float
1522,flock
1523,flood
1524,floor
1525,flour
1526,flourish
1527,flow
1528,flower
1529,flu
1530,fluent
1531,fluid
1532,flush
1533,fly
1534,focus
1535,fog
1536,fold
1537,folk
1538,follow
1539,following
1540,fond
1541,food
1542,fool
1543,foolish
1544,foot
1545,football
1546,footstep
1547,for
1548,forbid
1549,forbid
1550,force
1551,forecast
1552,forehead
1553,foreign
1554,foreigner
1555,foremost
1556,forest
1557,forever
1558,forget
1559,forgive
1560,fork
1561,form
1562,formal
1563,formation
1564,former
1565,formula
1566,forth
1567,fortnight
1568,fortunate
1569,fortunately
1570,fortune
1571,forty
1572,forward
1573,found
1574,foundation
1575,fountain
1576,four
1577,fourth
1578,fox
1579,fraction
1580,fragment
1581,frame
1582,framework
1583,France
1584,frank
1585,free
1586,freedom
1587,freely
1588,freeze
1589,freight
1590,French
1591,frequency
1592,frequent
1593,frequently
1594,fresh
1595,friction
1596,Friday
1597,fridge
1598,friend
1599,friendly
1600,friendship
1601,frighten
1602,frog
1603,from
1604,front
1605,frontier
1606,frost
1607,frown
1608,fruit
1609,fruitful
1610,fry
1611,fuel
1612,fulfil
1613,full
1614,fun
1615,function
1616,fund
1617,fundamental
1618,funeral
1619,funny
1620,fur
1621,furious
1622,furnace
1623,furnish
1624,furniture
1625,further
1626,furthermore
1627,future
1628,gain
1629,gallery
1630,gallon
1631,game
1632,gang
1633,gap
1634,garage
1635,garbage
1636,garden
1637,gardener
1638,gas
1639,gaseous
1640,gasoline
1641,gasp
1642,gate
1643,gather
1644,gauge
1645,gay
1646,gaze
1647,general
1648,generally
1649,generate
1650,generation
1651,generator
1652,generous
1653,genius
1654,gentle
1655,gentleman
1656,gently
1657,genuine
1658,geography
1659,geometry
1660,germ
1661,German
1662,Germany
1663,gesture
1664,get
1665,ghost
1666,giant
1667,gift
1668,girl
1669,give
1670,glad
1671,glance
1672,glare
1673,glass
1674,glide
1675,glimpse
1676,glitter
1677,globe
1678,gloomy
1679,glorious
1680,glory
1681,glove
1682,glow
1683,glue
1684,go
1685,goal
1686,goat
1687,God
1688,gold
1689,golden
1690,golf
1691,good
1692,goodbye
1693,goodness
1694,goods
1695,goose
1696,govern
1697,government
1698,governor
1699,gown
1700,grace
1701,graceful
1702,gracious
1703,grade
1704,gradual
1705,gradually
1706,graduate
1707,grain
1708,gramme
1709,grammar
1710,grammatical
1711,grand
1712,granddaughter
1713,grandfather
1714,grandmother
1715,grandson
1716,grant
1717,Grant
1718,grape
1719,graph
1720,grasp
1721,grass
1722,grateful
1723,gratitude
1724,grave
1725,gravity
1726,gray
1727,great
1728,greatly
1729,greedy
1730,Greek
1731,green
1732,greenhouse
1733,greet
1734,greeting
1735,grey
1736,grieve
1737,grind
1738,grip
1739,groan
1740,grocer
1741,grocery
1742,gross
1743,ground
1744,group
1745,grow
1746,growth
1747,guarantee
1748,guard
1749,guess
1750,guest
1751,guidance
1752,guide
1753,guilty
1754,gulf
1755,gum
1756,gun
1757,gunpowder
1758,gymnasium
1759,habit
1760,habitual
1761,hair
1762,haircut
1763,half
1764,hall
1765,halt
1766,hamburger
1767,hammer
1768,hand
1769,handful
1770,handkerchief
1771,handle
1772,handsome
1773,handwriting
1774,handy
1775,hang
1776,happen
1777,happiness
1778,happy
1779,harbour
1780,hard
1781,harden
1782,hardly
1783,hardship
1784,hardware
1785,hare
1786,harm
1787,harmful
1788,harmony
1789,harness
1790,harsh
1791,harvest
1792,haste
1793,hasten
1794,hasty
1795,hat
1796,hatch
1797,hate
1798,hateful
1799,hatred
1800,have
1801,hawk
1802,hay
1803,hazard
1804,he
1805,head
1806,headache
1807,heading
1808,headline
1809,headmaster
1810,headquarters
1811,heal
1812,health
1813,healthy
1814,heap
1815,hear
1816,heart
1817,heat
1818,heating
1819,heaven
1820,heavily
1821,heavy
1822,hedge
1823,heel
1824,height
1825,heir
1826,helicopter
1827,hell
1828,hello
1829,helmet
1830,help
1831,helpful
1832,helpless
1833,hen
1834,hence
1835,her
1836,herd
1837,here
1838,hero
1839,heroic
1840,heroine
1841,hers
1842,herself
1843,hesitate
1844,hi
1845,hide
1846,high
1847,highly
1848,highway
1849,hill
1850,hillside
1851,him
1852,himself
1853,hint
1854,hire
1855,his
1856,historical
1857,history
1858,hit
1859,hobby
1860,hold
1861,hole
1862,holiday
1863,hollow
1864,holy
1865,home
1866,honest
1867,honesty
1868,honey
1869,honeymoon
1870,honour
1871,honourable
1872,hook
1873,hope
1874,hopeful
1875,hopeless
1876,horizon
1877,horizontal
1878,horn
1879,horror
1880,horse
1881,horsepower
1882,hospital
1883,host
1884,hostess
1885,hostile
1886,hot
1887,hotel
1888,hour
1889,house
1890,household
1891,housewife
1892,how
1893,however
1894,huge
1895,human
1896,humble
1897,humid
1898,humorous
1899,humour
1900,hundred
1901,hunger
1902,hungry
1903,hunt
1904,hurry
1905,hurt
1906,husband
1907,hut
1908,hydrogen
1909,I
1910,ice
1911,ice-cream
1912,idea
1913,ideal
1914,identical
1915,identify
1916,idiom
1917,idle
1918,if
1919,ignorant
1920,ignore
1921,ill
1922,illegal
1923,illness
1924,illustrate
1925,illustration
1926,image
1927,imaginary
1928,imagination
1929,imagine
1930,imitate
1931,immediate
1932,immediately
1933,immense
1934,immigrant
1935,impact
1936,impatient
1937,implication
1938,imply
1939,import
1940,importance
1941,important
1942,impose
1943,impossible
1944,impress
1945,impression
1946,impressive
1947,imprison
1948,improve
1949,improvement
1950,in
1951,inch
1952,incident
1953,incline
1954,include
1955,income
1956,incorrect
1957,increase
1958,increasingly
1959,indeed
1960,indefinite
1961,independence
1962,independent
1963,index
1964,India
1965,Indian
1966,indicate
1967,indication
1968,indifferent
1969,indignant
1970,indirect
1971,indispensable
1972,individual
1973,indoors
1974,industrial
1975,industrialize
1976,industry
1977,inefficient
1978,inevitable
1979,inexpensive
1980,infant
1981,infect
1982,infer
1983,inferior
1984,infinite
1985,influence
1986,influential
1987,inform
1988,information
1989,inhabit
1990,inhabitant
1991,inherit
1992,initial
1993,injection
1994,injure
1995,injury
1996,ink
1997,inn
1998,inner
1999,innocent
2000,input
2001,inquire
2002,inquiry
2003,insect
2004,inser
2005,inside
2006,insist
2007,inspect
2008,inspection
2009,inspire
2010,install
2011,installation
2012,instance
2013,instant
2014,instantly
2015,instead
2016,instinct
2017,institute
2018,institution
2019,instruct
2020,instruction
2021,instrument
2022,insufficient
2023,insult
2024,insurance
2025,insure
2026,intellectual
2027,intelligence
2028,intelligent
2029,intend
2030,intense
2031,intensity
2032,intensive
2033,intention
2034,intentional
2035,interaction
2036,interest
2037,interesting
2038,interfere
2039,interference
2040,interior
2041,intermediate
2042,internal
2043,international
2044,interpret
2045,interpretation
2046,interpreter
2047,interrupt
2048,interruption
2049,interval
2050,interview
2051,intimate
2052,into
2053,introduce
2054,introduction
2055,invade
2056,invasion
2057,invent
2058,invention
2059,inventor
2060,invest
2061,investigate
2062,investigation
2063,investment
2064,invisible
2065,invitation
2066,invite
2067,involve
2068,inward
2069,iron
2070,irregular
2071,island
2072,isolate
2073,issue
2074,it
2075,Italian
2076,Italy
2077,item
2078,its
2079,itself
2080,jacket
2081,jail
2082,jam
2083,January
2084,Japan
2085,Japanese
2086,jar
2087,jaw
2088,jazz
2089,jealous
2090,jet
2091,jew
2092,jewel
2093,jewish
2094,job
2095,join
2096,joint
2097,joke
2098,jolly
2099,journal
2100,journalist
2101,journey
2102,joy
2103,joyful
2104,judge
2105,judgement
2106,juice
2107,July
2108,jump
2109,June
2110,jungle
2111,junior
2112,jury
2113,just
2114,justice
2115,justify
2116,keen
2117,keep
2118,keeper
2119,kettle
2120,key
2121,keyboard
2122,kick
2123,kid
2124,kill
2125,kilogram
2126,kilometer
2127,kind
2128,kindness
2129,king
2130,Kingdom
2131,kingdom
2132,kiss
2133,kitchen
2134,kite
2135,knee
2136,kneel
2137,knife
2138,knit
2139,knob
2140,knock
2141,knot
2142,know
2143,knowledge
2144,lab
2145,label
2146,laboratory
2147,labor
2148,labour
2149,lace
2150,lack
2151,ladder
2152,lady
2153,lag
2154,lake
2155,lamb
2156,lame
2157,lamp
2158,land
2159,landing
2160,landlady
2161,landlord
2162,lane
2163,language
2164,lantern
2165,lap
2166,large
2167,largely
2168,laser
2169,last
2170,late
2171,lately
2172,later
2173,Latin
2174,latter
2175,laugh
2176,laughter
2177,launch
2178,laundry
2179,lavatory
2180,law
2181,lawn
2182,lawyer
2183,lay
2184,layer
2185,layout
2186,lazy
2187,lead
2188,leader
2189,leadership
2190,leading
2191,leaf
2192,league
2193,leak
2194,lean
2195,leap
2196,learn
2197,learned
2198,learning
2199,least
2200,leather
2201,leave
2202,lecture
2203,left
2204,leg
2205,legal
2206,legend
2207,leisure
2208,lemon
2209,lend
2210,length
2211,lens
2212,less
2213,lessen
2214,lesson
2215,lest
2216,let
2217,letter
2218,level
2219,lever
2220,liable
2221,liar
2222,liberal
2223,liberate
2224,liberation
2225,liberty
2226,librarian
2227,library
2228,license
2229,lick
2230,lid
2231,lie
2232,lieutenant
2233,life
2234,lifetime
2235,lift
2236,light
2237,lighten
2238,lightly
2239,lightning
2240,like
2241,likely
2242,likewise
2243,limb
2244,lime
2245,limit
2246,limitation
2247,limited
2248,line
2249,linen
2250,liner
2251,link
2252,lion
2253,lip
2254,liquid
2255,liquor
2256,list
2257,listen
2258,listener
2259,liter
2260,literary
2261,literature
2262,little
2263,live
2264,lively
2265,liver
2266,living
2267,living-room
2268,load
2269,loaf
2270,loan
2271,local
2272,locate
2273,location
2274,lock
2275,locomotive
2276,lodge
2277,loft
2278,log
2279,logic
2280,logical
2281,lonely
2282,long
2283,look
2284,loop
2285,loose
2286,loosen
2287,lord
2288,lorry
2289,lose
2290,loss
2291,lot
2292,loud
2293,loudly
2294,loudspeaker
2295,love
2296,lovely
2297,lover
2298,low
2299,lower
2300,loyal
2301,loyalty
2302,luck
2303,lucky
2304,luggage
2305,lumber
2306,lump
2307,lunch
2308,lung
2309,luxury
2310,machine
2311,mad
2312,madam
2313,magazine
2314,magic
2315,magnet
2316,magnetic
2317,magnificent
2318,maid
2319,mail
2320,main
2321,mainly
2322,mainland
2323,maintain
2324,maintenance
2325,major
2326,majority
2327,make
2328,male
2329,man
2330,manage
2331,management
2332,manager
2333,mankind
2334,manly
2335,manner
2336,manual
2337,manufacture
2338,manufacturer
2339,many
2340,map
2341,marble
2342,march
2343,margin
2344,marine
2345,mark
2346,market
2347,marriage
2348,married
2349,marry
2350,marvelous
2351,Marxism
2352,Marxist
2353,mask
2354,mass
2355,master
2356,masterpiece
2357,mat
2358,match
2359,mate
2360,material
2361,materialism
2362,mathematical
2363,mathematics
2364,maths
2365,matter
2366,mature
2367,maximum
2368,may
2369,maybe
2370,mayor
2371,me
2372,meadow
2373,meal
2374,mean
2375,meaning
2376,means
2377,meantime
2378,meanwhile
2379,measurable
2380,measure
2381,measurement
2382,meat
2383,mechanic
2384,mechanical
2385,mechanically
2386,mechanics
2387,medal
2388,medical
2389,medicine
2390,Mediterranean
2391,medium
2392,meet
2393,meeting
2394,melon
2395,melt
2396,member
2397,memorial
2398,memory
2399,mend
2400,mental
2401,mention
2402,menu
2403,merchant
2404,mercury
2405,mercy
2406,mere
2407,merely
2408,merit
2409,merry
2410,mess
2411,message
2412,messenger
2413,metal
2414,meter
2415,method
2416,metre
2417,metric
2418,microcomputer
2419,microphone
2420,microscope
2421,midday
2422,middle
2423,midnight
2424,midst
2425,might
2426,mild
2427,mile
2428,military
2429,milk
2430,mill
2431,millimetre
2432,million
2433,mind
2434,mine
2435,miner
2436,mineral
2437,minimum
2438,minister
2439,ministry
2440,minor
2441,minority
2442,minus
2443,minute
2444,miracle
2445,mirror
2446,miserable
2447,mislead
2448,miss
2449,missile
2450,missing
2451,mission
2452,mist
2453,mistake
2454,Mister
2455,mistress
2456,misunderstand
2457,mix
2458,mixture
2459,moan
2460,mobile
2461,mode
2462,model
2463,moderate
2464,modern
2465,modest
2466,modify
2467,moist
2468,moisture
2469,molecule
2470,moment
2471,Monday
2472,money
2473,monitor
2474,monkey
2475,month
2476,monthly
2477,monument
2478,mood
2479,moon
2480,moral
2481,more
2482,moreover
2483,morning
2484,mortal
2485,mosquito
2486,most
2487,mostly
2488,mother
2489,motion
2490,motivate
2491,motive
2492,motor
2493,mould
2494,mount
2495,mountain
2496,mourn
2497,mouse
2498,mouth
2499,mouthful
2500,move
2501,movement
2502,movie
2503,much
2504,mud
2505,muddy
2506,mug
2507,multiple
2508,multiply
2509,murder
2510,murderer
2511,muscle
2512,museum
2513,mushroom
2514,music
2515,musical
2516,musician
2517,must
2518,mute
2519,mutter
2520,mutton
2521,mutual
2522,my
2523,myself
2524,mysterious
2525,mystery
2526,nail
2527,naked
2528,name
2529,namely
2530,nap
2531,narrow
2532,nasty
2533,nation
2534,national
2535,nationality
2536,native
2537,natural
2538,naturally
2539,nature
2540,naughty
2541,naval
2542,navigation
2543,navy
2544,near
2545,nearby
2546,nearly
2547,neat
2548,necessarily
2549,necessary
2550,necessity
2551,neck
2552,necklace
2553,need
2554,needle
2555,needless
2556,negative
2557,neglect
2558,Negro
2559,neighbour
2560,neighbourhood
2561,neither
2562,nephew
2563,nerve
2564,nervous
2565,nest
2566,net
2567,network
2568,neutral
2569,never
2570,nevertheless
2571,new
2572,newly
2573,news
2574,newspaper
2575,next
2576,nice
2577,niece
2578,night
2579,nine
2580,nineteen
2581,ninety
2582,ninth
2583,nitrogen
2584,no
2585,noble
2586,nobody
2587,nod
2588,noise
2589,noisy
2590,none
2591,nonsense
2592,noon
2593,nor
2594,normal
2595,normally
2596,north
2597,northeast
2598,northern
2599,northwest
2600,nose
2601,not
2602,note
2603,notebook
2604,nothing
2605,notice
2606,noticeable
2607,noun
2608,novel
2609,November
2610,now
2611,nowadays
2612,nowhere
2613,nuclear
2614,nucleus
2615,nuisance
2616,number
2617,numerous
2618,nurse
2619,nursery
2620,nut
2621,nylon
2622,oak
2623,oar
2624,obey
2625,object
2626,objection
2627,objective
2628,oblige
2629,observation
2630,observe
2631,observer
2632,obstacle
2633,obtain
2634,obvious
2635,obviously
2636,occasion
2637,occasional
2638,occasionally
2639,occupation
2640,occupy
2641,occur
2642,occurrence
2643,ocean
2644,Oceania
2645,o'clock
2646,October
2647,odd
2648,odour
2649,of
2650,off
2651,offend
2652,offer
2653,office
2654,officer
2655,official
2656,often
2657,oh
2658,oil
2659,okay
2660,old
2661,omit
2662,on
2663,once
2664,one
2665,oneself
2666,onion
2667,only
2668,onto
2669,open
2670,opening
2671,opera
2672,operate
2673,operation
2674,operational
2675,operator
2676,opinion
2677,opponent
2678,opportunity
2679,oppose
2680,opposite
2681,oppress
2682,optical
2683,optimistic
2684,option
2685,optional
2686,or
2687,oral
2688,orange
2689,orbit
2690,orchestra
2691,order
2692,orderly
2693,ordinary
2694,ore
2695,organ
2696,organic
2697,organism
2698,organization
2699,organize
2700,oriental
2701,origin
2702,original
2703,ornament
2704,orphan
2705,other
2706,otherwise
2707,ought
2708,ounce
2709,our
2710,ours
2711,ourselves
2712,out
2713,outcome
2714,outdoor
2715,outdoors
2716,outer
2717,outlet
2718,outline
2719,outlook
2720,output
2721,outset
2722,outside
2723,outskirt
2724,outstanding
2725,outward
2726,outwards
2727,oven
2728,over
2729,overall
2730,overcoat
2731,overcome
2732,overhead
2733,overlook
2734,overnight
2735,overseas
2736,overtake
2737,overtime
2738,owe
2739,owl
2740,own
2741,owner
2742,ownership
2743,ox
2744,phase
2745,phenomenon
2746,philosopher
2747,philosophy
2748,phone
2749,photograph
2750,photographic
2751,phrase
2752,physical
2753,physician
2754,physicist
2755,physics
2756,piano
2757,pick
2758,picnic
2759,picture
2760,pie
2761,piece
2762,pierce
2763,pig
2764,pigeon
2765,pile
2766,pill
2767,pillar
2768,pillow
2769,pilot
2770,pin
2771,pinch
2772,pine
2773,pink
2774,pint
2775,pioneer
2776,pipe
2777,pipeline
2778,pistol
2779,pit
2780,pitch
2781,pity
2782,place
2783,plain
2784,plan
2785,plane
2786,planet
2787,plant
2788,plantation
2789,plaster
2790,plastic
2791,plate
2792,platform
2793,play
2794,player
2795,playground
2796,pleasant
2797,please
2798,pleasure
2799,plentiful
2800,plenty
2801,plot
2802,plough
2803,pluck
2804,plug
2805,plunge
2806,plural
2807,plus
2808,P.M.
2809,pocket
2810,poem
2811,poet
2812,poetry
2813,point
2814,poison
2815,poisonous
2816,pole
2817,police
2818,policeman
2819,policy
2820,polish
2821,Polish
2822,polite
2823,political
2824,politician
2825,politics
2826,pollute
2827,pollution
2828,pond
2829,pool
2830,poor
2831,pop
2832,popular
2833,population
2834,porch
2835,pork
2836,porridge
2837,port
2838,portable
2839,porter
2840,portion
2841,portrait
2842,Portugal
2843,Portuguese
2844,position
2845,positive
2846,possess
2847,possession
2848,possibility
2849,possible
2850,possibly
2851,post
2852,postage
2853,postman
2854,postpone
2855,pot
2856,potato
2857,potential
2858,pound
2859,pour
2860,poverty
2861,powder
2862,power
2863,powerful
2864,practical
2865,practically
2866,practice
2867,practise
2868,praise
2869,pray
2870,prayer
2871,precaution
2872,preceding
2873,precious
2874,precise
2875,precision
2876,predict
2877,preface
2878,prefer
2879,preferable
2880,preference
2881,prejudice
2882,preliminary
2883,premier
2884,preparation
2885,prepare
2886,preposition
2887,prescribe
2888,presence
2889,present
2890,present
2891,presently
2892,preserve
2893,president
2894,press
2895,pressure
2896,pretend
2897,pretty
2898,prevail
2899,prevent
2900,previous
2901,previously
2902,price
2903,pride
2904,priest
2905,primarily
2906,primary
2907,prime
2908,primitive
2909,prince
2910,princess
2911,principal
2912,principle
2913,print
2914,prior
2915,prison
2916,prisoner
2917,private
2918,privilege
2919,prize
2920,probability
2921,probable
2922,probably
2923,problem
2924,procedure
2925,proceed
2926,process
2927,procession
2928,proclaim
2929,produce
2930,product
2931,production
2932,productive
2933,profession
2934,professional
2935,professor
2936,profit
2937,program
2938,progress
2939,progressive
2940,prohibit
2941,project
2942,prominent
2943,promise
2944,promising
2945,promote
2946,prompt
2947,pronoun
2948,pronounce
2949,pronunciation
2950,proof
2951,proper
2952,properly
2953,property
2954,proportion
2955,proportional
2956,proposal
2957,propose
2958,prospect
2959,prosperity
2960,prosperous
2961,protect
2962,protection
2963,protective
2964,protein
2965,protest
2966,proud
2967,prove
2968,provide
2969,provided
2970,province
2971,provision
2972,psychological
2973,public
2974,publication
2975,publish
2976,pudding
2977,puff
2978,pull
2979,pulse
2980,pump
2981,punch
2982,punctual
2983,punish
2984,punishment
2985,pupil
2986,puppet
2987,purchase
2988,pure
2989,purely
2990,purify
2991,purity
2992,purple
2993,purpose
2994,purse
2995,pursue
2996,pursuit
2997,push
2998,put
2999,puzzle
3000,qualify
3001,quality
3002,quantity
3003,quarrel
3004,quart
3005,quarter
3006,quarterly
3007,queen
3008,queer
3009,question
3010,queue
3011,quick
3012,quicken
3013,quickly
3014,quiet
3015,quilt
3016,quit
3017,quite
3018,quiz
3019,quotation
3020,quote
3021,rabbit
3022,race
3023,racial
3024,rack
3025,racket
3026,radar
3027,radiate
3028,radiation
3029,radio
3030,radioactive
3031,radioactivity
3032,radish
3033,radium
3034,radius
3035,rag
3036,rage
3037,raid
3038,rail
3039,railroad
3040,railway
3041,rain
3042,rainbow
3043,rainy
3044,raise
3045,rake
3046,range
3047,rank
3048,rapid
3049,rapidly
3050,rare
3051,rarely
3052,rat
3053,rate
3054,rather
3055,ratio
3056,rational
3057,raw
3058,ray
3059,razor
3060,reach
3061,react
3062,reaction
3063,read
3064,reader
3065,readily
3066,reading
3067,ready
3068,real
3069,reality
3070,realize
3071,really
3072,realm
3073,reap
3074,rear
3075,reason
3076,reasonable
3077,rebel
3078,rebellion
3079,recall
3080,receipt
3081,receive
3082,receiver
3083,recent
3084,recently
3085,reception
3086,recite
3087,recognition
3088,recognize
3089,recollect
3090,recommend
3091,"recommendati
on"
3092,record
3093,recorder
3094,recover
3095,recovery
3096,red
3097,reduce
3098,reduction
3099,reed
3100,reel
3101,refer
3102,reference
3103,refine
3104,reflect
3105,reflection
3106,reflexion
3107,reform
3108,refresh
3109,refreshment
3110,refrigerator
3111,refuge
3112,refusal
3113,refuse
3114,refute
3115,regard
3116,regarding
3117,regardless
3118,region
3119,register
3120,regret
3121,regular
3122,regularly
3123,regulate
3124,regulation
3125,rehearsal
3126,reign
3127,rein
3128,reinforce
3129,reject
3130,rejoice
3131,relate
3132,relation
3133,relationship
3134,relative
3135,relatively
3136,relativity
3137,relax
3138,release
3139,relevant
3140,reliability
3141,reliable
3142,reliance
3143,relief
3144,relieve
3145,religion
3146,religious
3147,reluctant
3148,rely
3149,remain
3150,remains
3151,remark
3152,remarkable
3153,remedy
3154,remember
3155,remind
3156,remote
3157,removal
3158,remove
3159,render
3160,renew
3161,rent
3162,repair
3163,repeat
3164,repeatedly
3165,repent
3166,repetition
3167,replace
3168,reply
3169,report
3170,reporter
3171,represent
3172,representative
3173,reproach
3174,reproduce
3175,republic
3176,republican
3177,reputation
3178,request
3179,require
3180,requirement
3181,rescue
3182,research
3183,researcher
3184,resemble
3185,reserve
3186,reservior
3187,residence
3188,resident
3189,resign
3190,resignation
3191,resist
3192,resistance
3193,resistant
3194,resolution
3195,resolve
3196,resort
3197,resource
3198,respect
3199,respectful
3200,respective
3201,respectively
3202,respond
3203,response
3204,responsibility
3205,responsible
3206,rest
3207,restaurant
3208,restless
3209,restore
3210,restrain
3211,restraint
3212,restrict
3213,restriction
3214,result
3215,resume
3216,retain
3217,retell
3218,retire
3219,retreat
3220,return
3221,reveal
3222,revenge
3223,reverse
3224,review
3225,revise
3226,revolt
3227,revolution
3228,revolutionary
3229,reward
3230,rhythm
3231,rib
3232,ribbon
3233,rice
3234,rich
3235,rid
3236,riddle
3237,ride
3238,rider
3239,ridge
3240,ridiculous
3241,rifle
3242,right
3243,rigid
3244,ring
3245,ripe
3246,ripen
3247,rise
3248,risk
3249,rival
3250,river
3251,road
3252,roar
3253,roast
3254,rob
3255,robber
3256,robbery
3257,robe
3258,robot
3259,rock
3260,rocket
3261,rod
3262,role
3263,roll
3264,roller
3265,Roman
3266,romantic
3267,roof
3268,room
3269,root
3270,rope
3271,rose
3272,rot
3273,rotary
3274,rotate
3275,rotation
3276,rotten
3277,rough
3278,roughly
3279,round
3280,rouse
3281,route
3282,routine
3283,row
3284,royal
3285,rub
3286,rubber
3287,rubbish
3288,rude
3289,rug
3290,ruin
3291,rule
3292,ruler
3293,rumour
3294,run
3295,runner
3296,rural
3297,rush
3298,Russian
3299,rust
3300,rusty
3301,sack
3302,sacred
3303,sacrifice
3304,sad
3305,saddle
3306,sadly
3307,sadness
3308,safe
3309,safely
3310,safety
3311,sail
3312,sailor
3313,saint
3314,sake
3315,salad
3316,salary
3317,sale
3318,salesman
3319,salt
3320,salute
3321,same
3322,sample
3323,sand
3324,sandwich
3325,sandy
3326,satellite
3327,satisfaction
3328,satisfactory
3329,satisfy
3330,Saturday
3331,sauce
3332,saucer
3333,sausage
3334,save
3335,saving
3336,saw
3337,say
3338,scale
3339,scan
3340,scar
3341,scarce
3342,scarcely
3343,scare
3344,scarf
3345,scatter
3346,scene
3347,scenery
3348,scent
3349,schedule
3350,scheme
3351,scholar
3352,scholarship
3353,school
3354,science
3355,scientific
3356,scientist
3357,scissors
3358,scold
3359,scope
3360,score
3361,scorn
3362,scout
3363,scrape
3364,scratch
3365,scream
3366,screen
3367,screw
3368,sea
3369,seal
3370,seaman
3371,seaport
3372,search
3373,season
3374,seat
3375,second
3376,secondary
3377,secondly
3378,secret
3379,secretary
3380,section
3381,secure
3382,security
3383,see
3384,seed
3385,seek
3386,seem
3387,seize
3388,seldom
3389,select
3390,selection
3391,self
3392,selfish
3393,sell
3394,seller
3395,semester
3396,semiconductor
3397,senate
3398,send
3399,senior
3400,sense
3401,sensible
3402,sensitive
3403,sentence
3404,separate
3405,separately
3406,separation
3407,September
3408,sequence
3409,series
3410,serious
3411,seriously
3412,servant
3413,serve
3414,service
3415,session
3416,set
3417,setting
3418,settle
3419,settlement
3420,seven
3421,seventeen
3422,seventh
3423,seventy
3424,several
3425,severe
3426,severely
3427,sew
3428,sex
3429,shade
3430,shadow
3431,shady
3432,shake
3433,shall
3434,shallow
3435,shame
3436,shampoo
3437,shape
3438,share
3439,sharp
3440,sharpen
3441,sharply
3442,shave
3443,she
3444,shear
3445,shed
3446,sheep
3447,sheet
3448,shelf
3449,shell
3450,shelter
3451,shepherd
3452,shield
3453,shift
3454,shilling
3455,shine
3456,ship
3457,shirt
3458,shiver
3459,shock
3460,shoe
3461,shoot
3462,shop
3463,shopkeeper
3464,shopping
3465,shore
3466,short
3467,shortage
3468,shortcoming
3469,shortly
3470,shot
3471,should
3472,shoulder
3473,shout
3474,show
3475,shower
3476,shriek
3477,shrink
3478,shut
3479,shy
3480,sick
3481,sickness
3482,side
3483,sideways
3484,sigh
3485,sight
3486,sightseeing
3487,sign
3488,signal
3489,signature
3490,significance
3491,significant
3492,silence
3493,silent
3494,silk
3495,silly
3496,silver
3497,similar
3498,similarly
3499,simple
3500,simplicity
3501,simplify
3502,simply
3503,sin
3504,since
3505,sincere
3506,sing
3507,singer
3508,single
3509,singular
3510,sink
3511,sir
3512,sister
3513,sit
3514,site
3515,situation
3516,six
3517,sixteen
3518,sixth
3519,sixty
3520,size
3521,skate
3522,sketch
3523,ski
3524,skill
3525,skilled
3526,skillful
3527,skim
3528,skin
3529,skirt
3530,sky
3531,slam
3532,slave
3533,slavery
3534,sleep
3535,sleepy
3536,sleeve
3537,slender
3538,slice
3539,slide
3540,slight
3541,slightly
3542,slip
3543,slipper
3544,slippery
3545,slit
3546,slogan
3547,slope
3548,slow
3549,slowly
3550,slum
3551,sly
3552,small
3553,smart
3554,smell
3555,smile
3556,smog
3557,smoke
3558,smooth
3559,smoothly
3560,snake
3561,snow
3562,snowstorm
3563,snowy
3564,so
3565,soak
3566,soap
3567,sob
3568,sober
3569,so-called
3570,soccer
3571,social
3572,socialism
3573,socialist
3574,society
3575,sock
3576,soda
3577,soft
3578,softly
3579,soil
3580,solar
3581,soldier
3582,sole
3583,solely
3584,solemn
3585,solid
3586,soluble
3587,solution
3588,solve
3589,some
3590,somebody
3591,somehow
3592,someone
3593,something
3594,sometime
3595,sometimes
3596,somewhat
3597,somewhere
3598,son
3599,song
3600,soon
3601,sophisticated
3602,sore
3603,sorrow
3604,sorry
3605,sort
3606,soul
3607,sound
3608,soup
3609,sour
3610,source
3611,south
3612,southeast
3613,southern
3614,southwest
3615,Soviet
3616,sow
3617,space
3618,spacecraft
3619,spaceship
3620,spade
3621,span
3622,Spanish
3623,spare
3624,spark
3625,sparkle
3626,sparrow
3627,speak
3628,speaker
3629,spear
3630,special
3631,specialist
3632,speciality
3633,specialize
3634,specially
3635,specific
3636,specify
3637,specimen
3638,spectacle
3639,speech
3640,speed
3641,spell
3642,spelling
3643,spend
3644,sphere
3645,spider
3646,spill
3647,spin
3648,spirit
3649,spiritual
3650,spit
3651,splash
3652,splendid
3653,split
3654,spoil
3655,sponge
3656,sponsor
3657,spontaneous
3658,spoon
3659,sport
3660,sportsman
3661,spot
3662,spray
3663,spread
3664,spring
3665,springtime
3666,sprinkle
3667,spur
3668,spy
3669,square
3670,squeeze
3671,squirrel
3672,stab
3673,stability
3674,stable
3675,stack
3676,stadium
3677,staff
3678,stage
3679,stain
3680,stair
3681,staircase
3682,stake
3683,stale
3684,stamp
3685,stand
3686,standard
3687,standpoint
3688,star
3689,stare
3690,start
3691,startle
3692,starve
3693,state
3694,statement
3695,statesman
3696,static
3697,station
3698,statistical
3699,statue
3700,status
3701,stay
3702,steadily
3703,steady
3704,steal
3705,steam
3706,steamer
3707,steel
3708,steep
3709,steer
3710,stem
3711,step
3712,stern
3713,steward
3714,stewardess
3715,stick
3716,sticky
3717,stiff
3718,stiffen
3719,still
3720,stimulate
3721,sting
3722,stir
3723,stitch
3724,stock
3725,stocking
3726,stomach
3727,stone
3728,stony
3729,stool
3730,stoop
3731,stop
3732,storage
3733,store
3734,storey
3735,storm
3736,stormy
3737,story
3738,stove
3739,straight
3740,strain
3741,strange
3742,stranger
3743,strap
3744,strategy
3745,straw
3746,strawberry
3747,stream
3748,street
3749,strength
3750,strengthen
3751,stress
3752,stretch
3753,strict
3754,strictly
3755,strike
3756,string
3757,strip
3758,stripe
3759,stroke
3760,strong
3761,strongly
3762,structural
3763,structure
3764,struggle
3765,student
3766,study
3767,stuff
3768,stumble
3769,stupid
3770,style
3771,subject
3772,submarine
3773,submerge
3774,submit
3775,subsequent
3776,substance
3777,substantial
3778,substitute
3779,subtract
3780,suburb
3781,subway
3782,succeed
3783,success
3784,successful
3785,successfully
3786,succession
3787,successive
3788,such
3789,suck
3790,sudden
3791,suddenly
3792,suffer
3793,sufficient
3794,sufficiently
3795,sugar
3796,suggest
3797,suggestion
3798,suit
3799,suitable
3800,sulphur
3801,sum
3802,summarize
3803,summary
3804,summer
3805,sun
3806,Sunday
3807,sunlight
3808,sunny
3809,sunrise
3810,sunset
3811,sunshine
3812,super
3813,superficial
3814,superior
3815,supermarket
3816,supper
3817,supplement
3818,supply
3819,support
3820,suppose
3821,supreme
3822,sure
3823,surely
3824,surface
3825,surgeon
3826,surgery
3827,surname
3828,surprise
3829,surprising
3830,surprisingly
3831,surrender
3832,surround
3833,surroundings
3834,survey
3835,survive
3836,suspect
3837,suspend
3838,suspicion
3839,sustain
3840,swallow
3841,swamp
3842,swan
3843,swarm
3844,sway
3845,swear
3846,sweat
3847,sweater
3848,sweep
3849,sweet
3850,swell
3851,swift
3852,swim
3853,swing
3854,Swiss
3855,switch
3856,sword
3857,symbol
3858,sympathetic
3859,sympathize
3860,sympathy
3861,synthetic
3862,system
3863,systematic(al)
3864,table
3865,tablet
3866,tag
3867,tail
3868,tailor
3869,take
3870,tale
3871,talent
3872,talk
3873,tall
3874,tame
3875,tan
3876,tank
3877,tap
3878,tape
3879,target
3880,task
3881,taste
3882,tax
3883,taxi
3884,tea
3885,teach
3886,teacher
3887,teaching
3888,team
3889,tear
3890,technical
3891,technician
3892,technique
3893,technology
3894,tedious
3895,teenager
3896,telegram
3897,telegraph
3898,telephone
3899,telescope
3900,television
3901,tell
3902,temper
3903,temperature
3904,temple
3905,temporary
3906,tempt
3907,temptation
3908,ten
3909,tenant
3910,tend
3911,tendency
3912,tender
3913,tennis
3914,tense
3915,tent
3916,tenth
3917,term
3918,terminal
3919,terrible
3920,terrific
3921,territory
3922,terror
3923,test
3924,text
3925,textbook
3926,textile
3927,than
3928,thank
3929,that
3930,the
3931,theatre
3932,their
3933,theirs
3934,them
3935,themselves
3936,then
3937,theoretical
3938,theory
3939,there
3940,thereby
3941,therefore
3942,thermometer
3943,these
3944,they
3945,thick
3946,thickness
3947,thief
3948,thin
3949,thing
3950,think
3951,third
3952,thirdly
3953,thirst
3954,thirsty
3955,thirteen
3956,thirty
3957,this
3958,thorn
3959,thorough
3960,those
3961,though
3962,thought
3963,thoughtful
3964,thousand
3965,thread
3966,threat
3967,threaten
3968,three
3969,thrill
3970,thrive
3971,throat
3972,throne
3973,throng
3974,through
3975,throughout
3976,throw
3977,thrust
3978,thumb
3979,thunder
3980,Thursday
3981,thus
3982,tick
3983,ticket
3984,tide
3985,tidy
3986,tie
3987,tiger
3988,tight
3989,till
3990,timber
3991,time
3992,timetable
3993,timid
3994,tin
3995,tiny
3996,tip
3997,tire
3998,tired
3999,tissue
4000,title
4001,to
4002,toast
4003,tobacco
4004,today
4005,toe
4006,together
4007,toilet
4008,tolerance
4009,tolerate
4010,tomato
4011,tomb
4012,tomorrow
4013,ton
4014,tone
4015,tongue
4016,tonight
4017,too
4018,tool
4019,tooth
4020,top
4021,topic
4022,torch
4023,torrent
4024,tortoise
4025,torture
4026,toss
4027,total
4028,touch
4029,tough
4030,tour
4031,tourist
4032,toward
4033,towards
4034,towel
4035,tower
4036,town
4037,toy
4038,trace
4039,track
4040,tractor
4041,trade
4042,tradition
4043,traditional
4044,traffic
4045,tragedy
4046,trail
4047,train
4048,training
4049,traitor
4050,tram
4051,tramp
4052,transfer
4053,transform
4054,transformation
4055,transformer
4056,transistor
4057,translate
4058,translation
4059,transmission
4060,transmit
4061,transparent
4062,transport
4063,transportation
4064,trap
4065,travel
4066,tray
4067,treason
4068,treasure
4069,treat
4070,treatment
4071,treaty
4072,tree
4073,tremble
4074,tremendous
4075,trend
4076,trial
4077,triangle
4078,tribe
4079,trick
4080,trifle
4081,trim
4082,trip
4083,triumph
4084,troop
4085,tropical
4086,trouble
4087,troublesome
4088,trousers
4089,truck
4090,true
4091,truly
4092,trumpet
4093,trunk
4094,trust
4095,truth
4096,try
4097,tub
4098,tube
4099,tuck
4100,Tuesday
4101,tuition
4102,tumble
4103,tune
4104,tunnel
4105,turbine
4106,turbulent
4107,turkey
4108,turn
4109,turning
4110,turnip
4111,tutor
4112,twelfth
4113,twelve
4114,twentieth
4115,twenty
4116,twice
4117,twin
4118,twinkle
4119,twist
4120,two
4121,type
4122,typewriter
4123,typhoon
4124,typical
4125,typist
4126,tyre
4127,ugly
4128,ultimate
4129,ultimately
4130,umbrella
4131,unable
4132,unbearable
4133,uncertain
4134,uncle
4135,uncomfortable
4136,unconscious
4137,uncover
4138,under
4139,undergo
4140,undergraduate
4141,underground
4142,underline
4143,underneath
4144,understand
4145,understanding
4146,undertake
4147,undertaking
4148,undo
4149,undoubtedly
4150,uneasy
4151,unexpected
4152,unfair
4153,unfortunate
4154,unfortunately
4155,unhappy
4156,uniform
4157,union
4158,unique
4159,unit
4160,unite
4161,unity
4162,universal
4163,universe
4164,university
4165,unjust
4166,unkind
4167,unknown
4168,unless
4169,unlike
4170,unlikely
4171,unload
4172,unlucky
4173,unnecessary
4174,unpleasant
4175,unsatisfactory
4176,unstable
4177,unsuitable
4178,until
4179,unusual
4180,unusually
4181,unwilling
4182,up
4183,upon
4184,upper
4185,upright
4186,upset
4187,upside-down
4188,upstairs
4189,up-to-date
4190,upward
4191,upwards
4192,urge
4193,urgent
4194,us
4195,usage
4196,use
4197,used
4198,useful
4199,useless
4200,user
4201,usual
4202,usually
4203,utility
4204,utilize
4205,utmost
4206,utter
4207,vacant
4208,vacation
4209,vacuum
4210,vague
4211,vain
4212,valid
4213,valley
4214,valuable
4215,value
4216,van
4217,vanish
4218,vanity
4219,vapour
4220,variable
4221,variation
4222,variety
4223,various
4224,vary
4225,vase
4226,vast
4227,vegetable
4228,vehicle
4229,veil
4230,velocity
4231,velvet
4232,venture
4233,verb
4234,verify
4235,version
4236,vertical
4237,very
4238,vessel
4239,vest
4240,veteran
4241,vex
4242,via
4243,vibrate
4244,vibration
4245,vice
4246,victim
4247,victorious
4248,victory
4249,video
4250,view
4251,viewpoint
4252,vigorous
4253,village
4254,vine
4255,vinegar
4256,violence
4257,violent
4258,violet
4259,violin
4260,virtually
4261,virtue
4262,visible
4263,vision
4264,visit
4265,visitor
4266,visual
4267,vital
4268,vitamin
4269,vivid
4270,vocabulary
4271,voice
4272,volcano
4273,volleyball
4274,volt
4275,volume
4276,voluntary
4277,vote
4278,voyage
4279,wage
4280,waggon
4281,waist
4282,wait
4283,waiter
4284,wake
4285,waken
4286,walk
4287,wall
4288,wallet
4289,wander
4290,want
4291,war
4292,warm
4293,warmth
4294,warn
4295,wash
4296,waste
4297,watch
4298,water
4299,waterfall
4300,waterproof
4301,wave
4302,wavelength
4303,wax
4304,way
4305,we
4306,weak
4307,weaken
4308,weakness
4309,wealth
4310,wealthy
4311,weapon
4312,wear
4313,weary
4314,weather
4315,weave
4316,wedding
4317,Wednesday
4318,weed
4319,week
4320,weekday
4321,weekend
4322,weekly
4323,weep
4324,weigh
4325,weight
4326,welcome
4327,weld
4328,welfare
4329,well
4330,well-known
4331,west
4332,western
4333,westward
4334,wet
4335,what
4336,whatever
4337,wheat
4338,wheel
4339,when
4340,whenever
4341,where
4342,wherever
4343,whether
4344,which
4345,whichever
4346,while
4347,whilst
4348,whip
4349,whirl
4350,whisky
4351,whisper
4352,whistle
4353,white
4354,whitewash
4355,who
4356,whoever
4357,whole
4358,wholly
4359,whom
4360,whose
4361,why
4362,wicked
4363,wide
4364,widely
4365,widen
4366,widespread
4367,widow
4368,width
4369,wife
4370,wild
4371,will
4372,willing
4373,win
4374,wind
4375,window
4376,wine
4377,wing
4378,winner
4379,winter
4380,wipe
4381,wire
4382,wireless
4383,wisdom
4384,wise
4385,wish
4386,wit
4387,with
4388,withdraw
4389,within
4390,without
4391,withstand
4392,witness
4393,wolf
4394,woman
4395,wonder
4396,wonderful
4397,wood
4398,wooden
4399,wool
4400,woollen
4401,word
4402,work
4403,worker
4404,workman
4405,workshop
4406,world
4407,world-wide
4408,worm
4409,worry
4410,worse
4411,worship
4412,worst
4413,worth
4414,worthless
4415,worthwhile
4416,worthy
4417,would
4418,wound
4419,wrap
4420,wreath
4421,wreck
4422,wrist
4423,write
4424,writer
4425,writing
4426,wrong
4427,X-ray
4428,yard
4429,yawn
4430,year
4431,yearly
4432,yell
4433,yellow
4434,yes
4435,yesterday
4436,yet
4437,yield
4438,you
4439,young
4440,your
4441,yourself
4442,youth
4443,youthful
4444,zeal
4445,zealous
4446,zebra
4447,zero
4448,zone
4449,zoo
